Country,Pop growth,Pop growth 2004,Price index,Carbon Dioxide 2003,Export 1990,Export 2004,Elec 2003,GDP,GDP PPP,GDP pc,GDP pc growth rate,Fem Econo Rate,Fem Econo 1990,Fem Econo 2004,Health Exp,Babies,Internet 1990,Import 1990,Import 2004,Tertiary female ratio,Babies immunized,Manufactured Exp 2004,Foreign invest 2004,Military 2004,Public Health 2003,Private Health 2003,Primary export 2004,Public Health,Refugees asylum,Refugees origin,Armed forces,Parliament Women,Female Male income,House women 2006,Pop 1975,Pop 2004,Pop 2015,Tuberculosis detected,Tuberculosis cured 2004,Trad fuel,ODA pc donnor 2004,ODA to least dev 1990,ODA to least dev 2004,ODA received,ODA received pc
Norway,0.5,0.5,2.2,9.9,40,44,25295,250.1,176.5,54465,2.5,63.1,111,87,3809,5,7,34,30,1.54,88,19,0.2,2,8.6,1.7,77,8.6,43,0,26,37.9,0.75,37.9,4,4.6,4.8,46,97,4598,477,44,38,0,0
Iceland,1,0.8,3.2,7.6,35,37,29412,12.2,9.7,41893,2,70.9,105,87,3110,4,0,33,43,1.78,93,17,2.5,0,8.8,1.7,82,8.8,0,0,0,33.3,0.71,33.3,0.2,0.3,0.3,57,100,292,0,0,11,0,0
Australia,1.3,1,2.4,18,17,18,11446,637.3,610,31690,2.5,56.1,108,79,2874,7,6,17,21,1.23,93,25,6.7,1.9,6.4,3.1,58,6.4,65,0,53,28.3,0.7,24.7,13.6,19.9,22.2,33,82,19942,73,18,24,0,0
Ireland,0.9,1.2,2.8,10.3,57,80,6660,181.6,158,44644,7.3,51.9,146,72,2496,6,0,52,65,1.28,81,86,6.1,0.7,5.8,1.5,10,5.8,7,0,10,14.2,0.51,13.3,3.2,4.1,4.7,63,79,4080,152,37,53,0,0
Sweden,0.3,0.3,1.7,5.9,30,46,16603,346.4,265.6,38525,1.8,58.8,93,87,2704,4,6,29,38,1.55,94,81,-0.2,1.6,8,1.4,14,8,75,0,28,45.3,0.81,45.3,8.2,9,9.3,69,84,9008,302,39,28,0,0
Canada,1.1,0.8,1.9,17.9,26,38,18329,978,999.6,30586,2.1,60.2,104,83,2989,6,4,26,34,1.36,95,60,0.6,1.1,6.9,3,35,6.9,147,0,62,24.3,0.63,20.8,23.1,32,35.1,58,35,31958,81,30,27,0,0
Japan,0.5,0.6,0.3,9.7,10,12,8212,4622.8,3737.3,36182,0.8,48.5,97,65,2244,8,1,9,10,0.89,99,93,0.2,1,6.4,1.5,3,6.4,2,0,260,10.7,0.44,9,111.5,127.9,128,45,76,127923,70,19,19,0,0
United States,1,0.9,2.6,19.8,10,10,14057,11711.8,11651.1,39883,1.9,59.6,105,81,5711,8,8,11,14,1.39,93,82,0.9,4,6.8,8.4,14,6.8,379,1,1546,15,0.62,15.2,220.2,295.4,325.7,85,70,295410,67,22,23,0,0
Switzerland,0.5,0.1,1.3,5.6,36,44,8701,357.5,244.1,48385,0.2,60.1,115,79,3776,6,6,34,37,0.8,82,93,-0.2,1,6.7,4.8,7,6.7,48,0,4,24.8,0.61,25,6.3,7.2,7.3,63,79,7240,210,43,26,0,0
Netherlands,0.6,0.3,2.6,8.7,54,65,7026,579,517.6,35560,2.1,55.8,128,76,2987,8,3,51,60,1.08,96,70,0.1,1.7,6.1,3.7,30,6.1,118,0,53,34.2,0.63,36.7,13.7,16.2,16.8,61,86,16226,258,33,35,0,0
Finland,0.4,0.2,1.6,13,23,37,17111,185.9,156.6,35562,2.2,56.9,98,86,2108,4,4,24,32,1.2,97,83,1.7,1.2,5.7,1.7,16,5.7,12,0,28,37.5,0.71,37.5,4.7,5.2,5.4,63,79,5235,130,38,25,0,0
Luxembourg,0.8,1.2,2,22,104,146,16348,31.9,31.7,70295,5.4,44.1,122,68,3680,8,0,100,125,1.18,91,86,246.9,0.9,6.2,0.6,13,6.2,2,0,1,23.3,0.49,23.3,0.4,0.5,0.5,83,79,459,524,39,37,0,0
Belgium,0.2,0.1,1.9,8.3,71,84,8791,352.3,324.1,33807,1.7,43.4,119,72,2828,8,1,69,81,1.21,82,81,7,1.3,6.3,3.1,18,6.3,15,0,37,35.7,0.63,34.7,9.8,10.4,10.5,65,73,10400,141,41,44,0,0
Austria,0.3,0.1,2,8.6,38,51,8527,292.3,263.8,35766,2,49.3,114,75,2306,7,1,37,46,1.19,74,84,1.4,0.8,5.1,2.4,15,5.1,21,0,40,32.2,0.44,33.9,7.6,8.2,8.3,42,68,8171,83,63,25,0,0
Denmark,0.2,0.2,2.2,10.1,36,43,7138,241.4,172.5,44673,1.7,59.4,96,84,2762,5,1,31,38,1.42,96,66,-3.6,1.5,7.5,1.5,31,7.5,44,0,21,36.9,0.73,36.9,5.1,5.4,5.6,78,84,5414,377,39,36,0,0
France,0.5,0.3,1.6,6.2,21,26,8319,2046.6,1769.2,33896,1.7,48.2,105,79,2902,7,1,23,26,1.28,86,83,1.2,2.6,7.7,2.4,17,7.7,137,0,255,13.9,0.64,12.2,52.7,60.3,62.3,63,79,60257,137,33,37,0,0
Italy,0.2,0.6,3.2,7.7,20,27,5943,1677.8,1622.4,29143,1.3,37,103,61,2266,6,1,20,26,1.34,84,88,1,2,6.3,2.1,11,6.3,21,0,191,16.1,0.46,17.3,55.4,58,57.8,58,95,58033,43,41,32,0,0
United Kingdom,0.2,0.3,2.7,9.4,24,25,6755,2124.4,1845.2,35485,2.2,55,104,79,2389,8,1,27,28,1.37,81,76,3.4,2.8,6.9,1.1,18,6.9,293,0,217,18.5,0.65,19.7,55.4,59.5,61.4,63,79,59479,131,32,38,0,0
Spain,0.6,0.4,3.4,7.3,16,26,6325,1039.9,1069.3,24360,2.3,44.2,130,65,1853,6,1,20,29,1.22,97,77,1.6,1.1,5.5,2.2,21,5.5,5,0,147,30.5,0.5,36,35.6,42.6,44.4,63,79,42646,56,20,17,0,0
New Zealand,0.9,0.7,1.9,8.8,27,29,10453,98.9,95.1,24364,2.1,59.8,112,81,1893,6,0,27,29,1.41,85,31,2.3,1,6.3,1.8,65,6.3,5,0,9,32.2,0.7,32.2,3.1,4,4.3,59,36,3989,52,19,31,0,0
Germany,0.2,0.6,1.7,9.8,25,38,7258,2740.6,2335.5,33212,1.5,50.4,114,76,3001,7,1,25,33,1.35,92,84,-1.3,1.4,8.7,2.4,9,8.7,700,0,285,30.5,0.58,31.8,78.7,82.6,82.5,51,71,82645,91,28,31,0,0
Israel,2.3,1.6,7.1,10.6,35,44,6843,116.9,165.7,17194,1.6,49.7,121,84,1911,8,1,45,49,1.33,96,94,1.4,8.7,6.1,2.8,5,6.1,1,1,168,14.2,0.64,14.2,3.4,6.6,7.8,34,80,6601,0,0,0,478.9,72.6
Greece,0.7,0.1,6.8,8.7,18,21,5497,205.2,245.5,18560,2.6,42.7,119,66,1997,8,0,28,29,1.17,88,59,0.7,4.2,5.1,4.8,38,5.1,2,0,164,13,0.55,13,9,11.1,11.2,63,79,11098,42,0,14,0,0
Singapore,2.2,1.1,1.3,11.3,37,48,8087,106.8,119.1,25191,3.8,50.8,101,66,1156,8,0,38,46,1.35,94,84,15,4.7,1.6,2.9,13,1.6,0,0,73,18.9,0.51,18.9,2.3,4.3,4.8,67,77,4273,0,0,0,9.2,2.2
"Korea, Rep. of",1,0.3,4.4,9.6,28,44,7338,679.7,985.6,14136,4.5,50.1,106,68,1074,4,1,29,40,0.61,99,92,1.2,2.4,2.8,2.8,8,2.8,0,0,688,13.4,0.46,13.4,35.3,47.6,49.1,21,82,47645,0,0,0,-67.6,-1.4
Slovenia,0.4,-0.1,9.7,7.8,91,60,7109,32.2,41.8,16115,3.6,53.4,99,80,1669,6,0,79,61,1.38,94,90,2.6,1.6,6.7,2.1,10,6.7,0,0,7,10.8,0.61,12.2,1.7,2,1.9,66,85,1967,0,0,0,62.2,31.6
Portugal,0.5,0.3,3.9,5.6,33,31,4770,167.7,206.1,15970,2.1,55.2,112,79,1791,8,0,39,38,1.32,95,85,0.5,2.3,6.7,2.9,15,6.7,0,0,45,21.3,0.59,21.3,9.1,10.4,10.8,78,84,10441,100,70,85,0,0
Cyprus,1,1,3.3,8.9,52,48,5656,15.4,18.8,18668,3,53,111,74,1143,8,0,57,46,0.98,86,65,7.2,1.5,3.1,3.3,35,3.1,1,0,10,14.3,0.59,14.3,0.6,0.8,0.9,69,79,826,0,0,0,60,72.6
Czech Republic,0.1,-0.1,5.6,11.4,45,72,6567,107,198.3,10475,2.7,51.7,85,76,1302,7,0,43,72,1.1,97,90,4.2,1.8,6.8,0.8,10,6.8,2,4,22,15.7,0.51,17,10,10.2,10.1,61,79,10229,0,0,0,279.8,27.4
Malta,0.9,0.4,2.8,6.2,85,76,5632,5.3,7.6,13256,3.6,32.5,153,47,1436,6,0,99,83,1.33,87,90,7,0.8,7.4,1.9,9,7.4,2,0,2,9.2,0.48,9.2,0.3,0.4,0.4,20,100,400,0,0,0,6.2,15.5
Kuwait,3.3,2.4,1.8,31.1,45,60,16379,55.7,47.7,22654,-0.4,48,138,56,567,7,0,58,33,2.72,97,62,7,7.9,2.7,0.8,36,2.7,2,0,16,1.5,0.37,1.5,1,2.6,3.4,83,62,2606,0,0,0,2.6,1
Hungary,-0.1,-0.3,15.9,5.7,31,64,4051,100.7,169.9,9962,3.1,42.1,91,73,1269,9,0,29,68,1.4,99,88,4.6,1.5,6.1,2.3,11,6.1,8,4,32,10.4,0.64,10.4,10.5,10.1,9.8,47,48,10124,0,0,0,302.7,29.9
Argentina,1.3,1,7.1,3.4,10,25,2543,153,510.3,3988,1.3,52.2,136,68,1067,7,0,5,18,1.51,95,29,2.7,1.1,4.3,4.6,70,4.3,3,1,71,36.5,0.53,35,26,38.4,42.7,65,66,38372,0,0,0,91.2,2.4
Poland,0.4,-0.1,17.5,7.9,29,39,3702,242.3,495.4,6346,4,47.9,84,78,745,6,0,22,41,1.41,97,81,5.2,2,4.5,2,19,4.5,5,20,142,19.1,0.59,20.4,34,38.6,38.1,56,78,38559,0,0,0,1524.8,39.5
Chile,1.5,1,6.7,3.7,35,36,3092,94.1,175.3,5836,3.7,36.4,113,51,707,5,0,31,30,0.95,95,13,8.1,3.9,3,3.1,86,3,1,1,78,12.7,0.39,15,10.4,16.1,17.9,114,85,16124,0,0,0,49.1,3
Bahrain,3.3,1.6,0.4,31,116,82,11274,11,14.9,15384,2.2,29.2,104,33,813,8,0,95,64,1.84,99,10,7,4.4,2.8,1.3,90,2.8,0,0,11,7.5,0.33,0,0.3,0.7,0.9,49,97,716,0,0,0,103.9,145.1
Estonia,-0.2,-0.3,13.3,13.6,37,78,6094,11.2,19.6,8331,4.3,52.2,81,80,682,4,0,38,86,1.68,96,77,9.3,1.8,4.1,1.2,22,4.1,0,1,5,18.8,0.62,18.8,1.4,1.3,1.3,75,70,1335,0,0,0,136.4,102.2
Lithuania,0.1,-0.4,16.7,3.7,52,54,3453,22.3,45,6480,1.4,51.8,87,81,754,4,0,61,61,1.55,98,58,3.5,1.7,5,1.6,42,5,1,1,14,22,0.69,22,3.3,3.4,3.3,89,74,3443,0,0,0,252.2,73.3
Slovakia,0.5,0.6,8.1,7,27,77,5377,41.1,78.7,7635,2.7,51.9,87,76,777,7,0,36,79,1.22,98,86,2.7,1.7,5.2,0.7,14,5.2,0,1,20,16.7,0.58,16.7,4.7,5.4,5.4,34,87,5401,0,0,0,235.2,43.5
Uruguay,0.7,0.6,23.9,1.3,24,30,2310,13.2,32.4,3842,0.8,55.7,122,71,824,8,0,18,28,2.04,95,32,2.4,1.2,2.7,7.1,68,2.7,0,0,24,10.8,0.55,11.1,2.8,3.4,3.7,86,86,3439,0,0,0,22,6.4
Croatia,0.2,-0.2,19.7,5.3,37,47,3733,34.3,54.2,7724,2.5,44.7,96,74,838,6,0,38,56,1.19,96,72,3.6,1.7,6.5,1.3,27,6.5,3,119,21,21.7,0.67,21.7,4.3,4.5,4.5,63,79,4540,0,0,0,120.8,26.6
Latvia,-0.2,-0.5,17,2.9,48,44,2835,13.6,27,5868,2.8,49.1,78,77,678,5,0,49,60,1.72,99,61,5.1,1.7,3.3,3.1,36,3.3,0,2,5,21,0.67,21,2.5,2.3,2.2,83,74,2318,0,0,0,164.6,71
Costa Rica,2.5,1.4,13.7,1.5,35,46,1764,18.5,40.3,4349,2.5,43.7,133,54,616,7,0,41,49,1.26,88,63,3.4,0,5.8,1.5,37,5.8,11,0,0,38.6,0.46,38.6,2.1,4.3,5,153,94,4253,0,0,0,13.5,3.2
United Arab Emirates,7.2,2.4,15.5,33.6,66,82,15878,104.2,103.9,24121,-0.5,37.4,149,41,623,15,0,41,65,3.24,94,62,7,2.4,2.5,0.8,36,2.5,0,0,51,0,0.24,0,0.5,4.3,5.6,17,64,4284,0,0,0,5.7,1.3
Mexico,2,1.1,15.7,4,19,30,2108,676.5,1017.5,6518,1.3,39.9,115,49,582,9,0,20,32,0.98,96,80,2.6,0.4,2.9,3.3,20,2.9,3,2,193,25,0.39,25.8,59.3,105.7,119.1,71,83,105699,0,0,0,121.1,1.1
Bulgaria,-0.4,-0.8,75.1,5.6,33,58,4735,24.1,62.7,3109,0.7,41.9,70,79,573,10,0,37,69,1.16,95,62,8.3,2.4,4.1,3.4,33,4.1,4,4,51,22.1,0.65,22.1,8.7,7.8,7.2,104,91,7780,0,0,0,622.4,80
Trinidad and Tobago,0.9,0.3,5.1,22.1,45,60,4925,12.5,15.9,9640,3.3,46.6,112,61,532,23,0,29,48,1.27,95,35,8,2.3,1.5,2.4,65,1.5,46,0,3,25.4,0.46,19.4,1,1.3,1.3,63,79,1301,0,0,0,-0.8,-0.6
Panama,2.1,1.6,1.1,1.9,87,63,1733,13.7,23.1,4325,2.2,49.9,129,63,555,10,0,79,65,1.59,99,10,7.4,0,5,2.6,90,5,2,0,0,16.7,0.56,16.7,1.7,3.2,3.8,133,74,3175,0,0,0,37.7,11.9
Oman,3.5,2,0.1,12.9,47,57,3817,24.3,38.7,9584,1.9,21.9,145,27,419,8,0,28,43,1.38,98,12,-0.1,12,2.7,0.5,87,2.7,0,0,42,7.8,0.18,2.4,0.9,2.5,3.2,123,90,2534,0,0,0,54.9,21.7
Romania,0.1,-0.4,72.3,4.2,17,37,2441,73.2,183.9,3374,1.4,50.7,95,80,540,9,0,26,46,1.26,97,82,7.4,2.1,3.8,2.3,17,3.8,2,11,97,10.7,0.65,11.2,21.2,21.8,20.9,41,80,21790,0,0,0,915.7,42
Malaysia,2.4,1.6,3,6.4,75,121,3196,118.3,255.8,4753,3.5,46.1,105,56,374,10,0,72,100,1.41,95,76,3.9,2.3,2.2,1.6,23,2.2,34,0,110,13.1,0.36,9.1,12.3,24.9,29.6,69,72,24894,0,0,0,289.5,11.6
Mauritius,1.1,0.8,6.3,2.6,64,56,1683,6,14.8,4889,3.9,42.2,101,53,430,13,0,71,56,1.39,98,71,0.2,0.2,2.2,1.5,28,2.2,0,0,0,17.1,0.4,17.1,0.9,1.2,1.3,33,87,1233,0,0,0,37.9,30.8
Russian Federation,0.2,-0.5,59.4,10.3,18,35,6303,581.4,1424.4,4042,-0.6,54.3,90,80,551,6,0,18,22,1.36,98,21,2.1,3.9,3.3,2.3,62,3.3,2,103,1027,8,0.62,9.8,134.2,143.9,136.7,13,61,143899,0,0,0,1313.1,9.1
"Macedonia, TFYR",0.7,0.1,6.3,5.2,26,40,3794,5.4,13.4,2637,-0.4,40.9,85,63,389,5,0,36,61,1.39,96,77,2.9,2.6,6,1.1,23,6,1,9,11,19.2,0.48,19.2,1.7,2,2.1,73,84,2030,0,0,0,248.4,122.3
Belarus,0.2,-0.6,163.7,6.4,46,68,3388,22.9,68.5,2330,1.6,52.5,87,82,570,5,0,44,74,1.39,99,60,0.7,1.4,3.9,1.6,39,4.9,1,9,73,29.8,0.64,29.1,9.4,9.8,9.2,42,73,9811,0,0,0,46.2,4.7
Brazil,1.8,1.2,98.3,1.6,8,18,2246,604,1507.1,3284,1.2,56.3,127,70,597,10,0,7,13,1.32,99,54,3,1.5,3.4,4.2,46,3.4,3,0,287,9.1,0.57,8.6,108.1,183.9,209.4,47,83,183913,0,0,0,285.1,1.6
Colombia,2,1.3,16.1,1.3,21,21,1045,97.7,325.9,2176,0.5,60.5,133,75,522,9,0,15,22,1.09,92,38,3.1,3.8,6.4,1.2,62,6.4,0,60,207,10.8,0.58,12,25.4,44.9,52.1,17,83,44915,0,0,0,509,11.3
"Venezuela, RB",2.5,1.6,39.3,5.6,39,36,3510,110.1,157.9,4214,-1.2,55.9,148,67,231,7,0,20,20,1.07,80,12,1.4,1.2,2,2.5,88,2,0,3,82,18,0.51,18,12.7,26.3,31.3,77,82,26282,0,0,0,48.6,1.8
Albania,0.9,0.6,17.3,1,15,21,1743,7.6,15.5,2439,4.8,49.4,85,69,366,3,0,23,43,1.57,96,82,5.6,1.2,2.7,3.8,18,2.7,0,13,22,7.1,0.54,7.1,2.4,3.1,3.3,34,91,3112,0,0,0,362.5,116.5
Thailand,1.5,0.7,3.9,3.9,34,71,1896,161.7,515.3,2539,2.6,65.4,87,81,260,9,0,42,66,1.17,96,75,0.9,1.2,2,1.3,22,2,117,0,307,10.7,0.59,10.8,41.3,63.7,69.1,71,73,63694,0,0,0,-1.8,21.4
Saudi Arabia,4.1,2.3,0.5,13,41,53,6749,250.6,331.1,10462,-0.1,17.3,116,22,578,11,0,32,25,1.5,97,12,7,8.3,3,1,88,2.5,241,0,200,0,0.15,0,7.3,24,30.8,40,79,23950,0,0,0,32.3,1.3
Ukraine,-0.1,-1.1,73.3,6.6,28,61,3683,64.8,303.4,1366,-3.2,49.9,87,79,305,5,0,29,54,1.19,99,67,2.6,2.6,3.8,1.9,32,3.8,2,84,188,7.1,0.53,7.1,49,47,41.8,63,79,46989,0,0,0,360.1,7.7
Lebanon,1,1,15.5,5.4,18,21,2829,21.8,20.7,6149,3.7,31.7,100,40,730,6,0,100,41,1.12,96,68,1.3,3.8,3,7.2,31,3,1,18,72,4.7,0.31,4.7,2.7,3.5,4,82,92,3540,0,0,0,264.8,74.8
Kazakhstan,0.2,0.6,33.6,10.7,37,55,4114,40.7,111.6,2717,1.7,65,106,87,315,8,0,38,46,1.38,99,16,10.1,1,2,1.5,84,2,7,4,66,8.6,0.63,10.4,14.1,14.8,14.9,79,75,14839,0,0,0,265,17.9
Armenia,0.2,-0.2,31.4,1.1,35,39,1375,3.1,12.4,1017,2.7,48.1,67,79,302,7,0,46,53,1.21,92,62,7.1,2.6,1.2,4.8,38,1.2,220,14,48,5.3,0.63,5.3,2.8,3,3,44,77,3026,0,0,0,254.1,84
China,1.2,0.6,5.5,3.2,19,34,1440,1931.7,7642.3,1490,8.9,69.2,95,84,278,6,0,16,31,0.84,84,91,2.8,2.4,2,3.6,8,2,299,124,2255,20.3,0.64,20.3,927.8,1308,1393,63,94,1307989,0,0,0,1661.1,1.3
Peru,2.1,1.4,16.6,1,16,21,868,68.6,156.5,2490,2.1,58.2,124,71,233,11,0,14,18,1.03,89,20,2.6,1.2,2.1,2.3,80,2.1,1,5,80,29,0.41,29,15.2,27.6,32.2,83,89,27562,0,0,0,487.4,17.7
Ecuador,2.2,1.4,36,1.8,33,27,950,30.3,51.7,2322,0.2,58.9,181,72,220,16,0,32,29,1.35,99,9,3.8,2.4,2,3.1,91,2,10,1,47,16,0.55,16,6.9,13,15.1,43,84,13040,0,0,0,160.5,12.3
Philippines,2.3,1.6,6.7,1,28,52,655,84.6,376.6,1036,0.9,53.8,114,65,174,20,0,33,51,1.28,80,55,0.6,0.9,1.4,1.8,10,1.4,0,0,106,15.8,0.6,15.7,42,81.6,96.8,73,88,81617,0,0,0,462.8,5.7
Jordan,3.6,2,2.8,3.2,62,48,1524,11.5,25.5,2117,0.5,27,153,35,440,10,0,93,80,1.1,99,72,5.4,8.2,4.2,5.2,28,4.2,1,2,101,7.9,0.3,5.5,1.9,5.6,7,79,87,5561,0,0,0,581.4,104.5
Tunisia,2,1,3.8,2.1,44,45,1200,28.2,77.2,2838,3.2,27.9,134,37,409,7,0,51,48,1.36,95,78,2.1,1.5,2.5,2.9,22,2.8,0,3,35,19.3,0.28,22.8,5.7,10,11.1,96,91,9995,0,0,0,327.7,32.8
Fiji,1.3,0.6,3.1,1.3,62,35,627,2.6,5.1,3125,1.4,51.4,105,63,220,10,0,67,43,1.2,62,45,-0.4,1.2,2.3,1.4,55,2.3,73,1,4,11.7,0.48,11.3,0.6,0.8,0.9,58,86,841,0,0,0,63.9,76
Paraguay,2.8,2.1,11.5,0.7,33,36,1113,7.3,29,1220,-0.8,64.2,124,76,301,9,0,39,37,1.37,89,13,1.3,0.7,2.3,5,87,2.3,0,0,10,9.6,0.41,10,2.7,6,7.6,21,85,6017,0,0,0,0.3,47.7
Turkey,1.9,1.2,68.4,3.1,13,29,1979,302.8,556.1,4221,1.6,27.8,81,36,528,16,0,18,35,0.73,81,85,0.9,3.1,5.4,2.2,15,5.4,2,170,515,4.4,0.35,4.4,41.2,72.2,82.6,3,93,72220,0,0,0,257,3.6
Sri Lanka,1.3,0.7,9.5,0.5,29,36,407,20.1,85.2,1033,3.8,35,78,45,121,22,0,38,45,0.81,96,74,1.2,2.8,1.6,1.9,26,1.6,0,108,111,4.9,0.42,4.9,14,20.6,22.3,70,81,20570,0,0,0,519.1,25.2
Dominican Republic,1.9,1.3,9.8,2.5,34,50,1532,18.7,65.3,2130,4.2,45.5,125,55,335,11,0,44,49,1.64,79,34,3.5,0.5,2.3,4.7,66,2.3,73,0,25,15.4,0.42,17.3,5.1,8.8,10.1,71,81,8768,0,0,0,86.9,9.9
Belize,2.3,1.8,1.7,3,62,52,708,1.1,1.9,3870,2.6,42.4,133,52,309,6,0,60,65,2.47,95,13,11.7,2.1,2.2,2.3,86,2.2,1,0,1,11.9,0.39,6.7,0.1,0.3,0.3,60,89,264,0,0,0,7.4,27.9
"Iran, Islamic Rep. of",2.5,1.4,22,5.6,22,32,2304,163.4,504.2,2439,2.3,37.2,173,50,498,7,0,24,30,1.1,96,9,0.3,4.5,3.1,3.4,91,3.1,716,99,545,4.1,0.38,4.1,33.3,68.8,79.9,58,84,68803,0,0,0,189.4,2.8
Georgia,-0.3,-0.7,13.9,0.8,40,31,1566,5.2,12.8,1151,-1,51.1,74,67,174,6,0,46,47,1.03,86,37,9.6,1.4,1,3,63,1,2,7,11,9.4,0.37,9.4,4.9,4.5,4.2,79,66,4518,0,0,0,315.4,69.8
Azerbaijan,1.3,0.8,76.8,3.5,44,50,2815,8.5,34.5,1026,5.5,59.6,94,81,140,11,0,39,74,0.87,98,10,41.7,1.8,0.9,2.7,89,0.9,3,234,67,12.3,0.64,12.3,5.7,8.4,9.1,47,70,8355,0,0,0,175.6,21
El Salvador,1.7,1.5,6.2,1,19,27,663,15.8,34.1,2340,1.8,46.7,92,61,378,13,0,31,44,1.22,93,60,2.9,0.7,3.7,4.4,40,3.7,0,4,16,16.7,0.43,16.7,4.1,6.8,8,57,88,6762,0,0,0,211.5,31.3
Algeria,2.4,1.5,11.6,5.1,23,40,929,84.6,213.7,2616,0.9,34.8,154,44,186,7,0,25,26,1.09,81,2,1,3.4,3.3,0.8,98,3.3,94,12,138,5.3,0.33,6.2,16,32.4,38.1,106,90,32358,0,0,0,312.6,9.7
Guyana,0.1,-0.1,5.6,2.2,63,96,1172,0.8,3.3,1047,1.5,43.3,119,53,283,12,0,80,106,1.94,88,30,3.8,2.1,4,0.8,70,4,73,0,1,30.8,0.41,30.8,0.7,0.8,0.7,27,57,750,0,0,0,144.6,192.7
Jamaica,0.9,0.4,17.3,4.1,48,41,2696,8.9,11,3352,-0.1,54.8,84,73,216,9,0,52,58,2.29,80,65,6.8,0.7,2.7,2.6,35,2.7,73,0,3,13.6,0.57,11.7,2,2.6,2.7,79,53,2639,0,0,0,75.4,28.6
Cape Verde,2,2.2,4.2,0.3,13,31,100,0.9,2.8,1915,3.5,34.1,82,44,185,13,0,44,64,1.09,69,88,2.2,0.7,3.4,1.2,66,3.4,73,0,1,15.3,0.35,15.3,0.3,0.5,0.6,54,76,495,0,0,0,139.8,282.4
Syrian Arab Republic,3.1,2.3,4.9,2.7,28,35,1683,24,67.1,1293,1.5,38,133,44,116,6,0,28,34,0.81,98,11,1.1,6.6,2.5,2.6,87,2.5,26,16,308,12,0.33,12,7.5,18.6,23.8,46,88,18582,0,0,0,110.2,5.9
Indonesia,1.7,1,13.5,1.4,25,31,498,257.6,785.2,1184,1.8,50.7,101,60,113,9,0,24,27,0.79,72,56,0.4,1.1,1.1,2,44,1.1,0,34,302,11.3,0.45,11.3,134.4,220.1,246.8,53,87,220077,0,0,0,84.1,0.4
Viet Nam,1.9,1.2,3,0.9,36,66,503,45.2,225.5,550,5.5,72.4,98,93,164,9,0,45,74,0.77,97,53,3.6,2.1,1.5,3.9,46,1.5,2,357,455,27.3,0.71,27.3,48,83.1,95,89,92,83123,0,0,0,1830.3,22
Kyrgyzstan,1.6,1.1,14.7,1,29,43,2417,2.2,9.9,433,-1.3,55.1,94,74,161,7,0,50,53,1.19,99,43,3.5,2.9,2.2,3.1,57,2.2,3,3,13,0,0.58,0,3.3,5.2,5.9,62,85,5204,0,0,0,258.2,49.6
Egypt,2.1,1.8,6.8,2,20,29,1340,78.8,305.9,1085,2.5,20.1,76,28,235,12,0,33,29,0.81,97,31,1.6,2.8,2.5,3.3,64,2.2,89,6,469,3.8,0.23,2,39.3,72.6,88.2,61,80,72642,0,0,0,1457.7,20.1
Nicaragua,2.5,1.9,20.4,0.7,25,26,492,4.6,19.5,847,0.1,35.5,100,41,208,12,0,46,54,1.11,84,11,5.5,0.7,3.7,4,89,3.7,0,1,14,20.7,0.32,20.7,2.6,5.4,6.6,87,84,5376,0,0,0,1232.4,229.2
"Moldova, Rep. of",0.3,-0.2,17,1.7,48,51,1900,2.6,7.3,615,-5.3,56.6,92,81,177,5,0,51,82,1.36,96,36,3.1,0.4,3.9,3.3,64,3.9,0,12,7,21.8,0.63,21.8,3.8,4.2,4.1,59,65,4218,0,0,0,117.9,28
Bolivia,2.2,1.7,6.6,0.9,23,31,481,8.8,24.5,974,1.2,62.1,128,74,176,9,0,24,26,0.81,64,14,1.3,2,4.3,2.4,86,4.3,1,0,33,14.6,0.57,16.9,4.8,9,10.9,71,81,9009,0,0,0,766.6,85.1
Mongolia,2,1.2,26.3,3.1,24,75,1273,1.6,5.2,641,2.4,53.9,97,66,140,8,0,53,87,1.64,96,38,5.8,2,4.3,2.4,62,4.3,0,1,9,6.6,0.51,6.6,1.4,2.6,3,80,88,2614,0,0,0,261.9,100.2
Honduras,2.9,2,15.7,0.9,36,37,694,7.4,20.3,1046,0.2,52.2,156,59,184,14,0,40,54,1.46,92,27,4,0.7,4,3.1,73,4,0,1,12,23.4,0.45,23.4,3,7,8.8,83,87,7048,0,0,0,641.7,91
Guatemala,2.4,2.3,8.8,0.9,21,18,501,27.5,53,2233,1.3,33.7,115,41,235,13,0,25,32,0.72,75,42,0.6,0.4,2.1,3.3,58,2.1,0,3,29,8.2,0.32,8.2,6.2,12.3,15.9,56,91,12295,0,0,0,218.4,17.8
South Africa,2.1,0.1,7.7,7.8,24,27,4595,212.8,509.3,4675,0.6,46.4,85,59,669,15,0,19,27,1.17,81,58,0.3,1.4,3.2,5.2,42,3.2,30,0,56,32.8,0.45,32.8,25.9,47.2,47.9,83,67,47208,0,0,0,617.3,13.1
Morocco,2,1.4,2.9,1.2,26,33,649,50,128.5,1678,1.1,26.7,109,33,218,11,0,32,39,0.87,95,69,1.5,4.5,1.7,3.4,31,1.7,0,3,201,6.4,0.25,10.8,17.3,31,36.2,80,86,31020,0,0,0,705.9,22.8
Gabon,2.8,1.5,3.3,0.9,46,61,1229,7.2,9,5306,-0.1,61.5,99,75,255,14,0,31,40,0.53,55,7,4.5,1.7,2.9,1.5,93,2.9,9,0,5,11.9,0.57,9.2,0.6,1.4,1.6,81,34,1362,0,0,0,37.8,27.7
Namibia,2.8,1,20.3,1.2,52,46,697,5.7,14.9,2843,1.3,47,96,74,359,14,0,67,45,1.14,70,41,3.4,3.1,4.5,1.9,58,4.7,5,1,9,26.9,0.57,26.9,0.9,2,2.2,88,63,2009,0,0,0,179.1,89.1
India,1.9,1.3,7.5,1.2,7,19,594,691.2,3389.7,640,4,34,94,41,82,30,0,9,23,0.66,56,73,0.8,3,1.2,3.6,26,1.2,139,16,1325,9.2,0.31,8.3,620.7,1087.1,1260.4,57,86,1087124,0,0,0,691.2,0.6
Cambodia,2.3,1.9,4,1.2,6,65,9,4.9,33.4,354,5,74.4,96,93,188,11,0,13,76,0.45,80,97,2.7,2.2,2.1,8.8,3,2.1,0,18,124,11.4,0.74,9.8,7.1,13.8,17.1,61,93,13798,0,0,0,478.3,34.7
Botswana,2.4,-0.4,9.4,2.3,55,40,697,9,17.6,5073,4.2,45.7,80,67,375,10,0,50,32,0.85,90,34,0.5,3.8,3.3,2.3,66,3.3,3,0,9,11.1,0.36,11.1,0.9,1.8,1.7,67,77,1769,0,0,0,39,22.1
Lao People's Dem.  Rep.,2.2,2.1,29,0.2,12,29,135,2.5,11.3,423,4.2,54,101,67,56,14,0,25,42,0.63,36,34,0.7,2.1,1.2,2,66,1.2,0,24,29,22.9,0.52,22.9,3,5.8,7.3,55,79,5792,0,0,0,269.6,46.5
Pakistan,2.8,2,7.7,0.8,16,16,493,96.1,338.4,632,1.6,32,115,38,48,19,0,23,15,0.8,67,85,1.2,3.4,0.7,1.7,15,0.7,1085,30,619,20.4,0.29,21.3,68.3,154.8,193.4,27,75,154794,0,0,0,1421,9.2
Ghana,2.6,1.9,26.3,0.4,17,35,285,8.9,48.5,409,1.9,70.5,92,94,98,11,0,26,54,0.48,83,14,1.6,0.8,1.4,3.1,85,1.4,54,18,7,10.9,0.71,10.9,10.2,21.7,26.6,37,66,21664,0,0,0,1357.6,62.7
Bangladesh,2.2,1.7,4.9,0.3,6,15,145,56.6,260.4,406,2.5,52.9,84,61,68,30,0,14,21,0.5,77,90,0.8,1.2,1.1,2.3,10,1.1,21,7,126,14.8,0.46,14.8,73.2,139.2,168.2,44,85,139215,0,0,0,1404.1,10.1
Nepal,2.3,1.9,7,0.1,11,17,91,6.7,39.6,252,2.1,49.7,103,63,64,21,0,22,31,0.41,73,74,0,1.7,1.5,3.8,26,1.5,126,2,69,6.7,0.5,5.9,13.5,26.6,32.7,67,87,26591,0,0,0,427.3,16.1
Papua New Guinea,2.4,1.8,10.3,0.4,41,71,251,3.9,14.7,677,0.5,71.8,100,97,132,11,0,49,60,0.56,44,6,0.7,0.6,3,0.4,94,3,10,0,3,0.9,0.73,0.9,2.9,5.8,7,19,58,5772,0,0,0,266.3,46.1
Sudan,2.5,2,46.1,0.3,28,18,101,21.1,69.2,594,3.4,23.7,86,33,54,31,0,35,21,0.92,59,2,7.2,0,1.9,2.4,98,1.9,147,693,105,13.6,0.25,14.7,17.1,35.5,44,35,82,35523,0,0,0,882.3,24.8
Uganda,3.3,3.7,7.4,0.1,7,14,59,6.8,41.1,245,3.5,79.7,99,92,75,12,0,19,28,0.62,91,15,3.3,2.3,2.2,5.1,85,2.2,257,34,45,28.8,0.7,28.8,10.8,27.8,41.9,43,68,27821,0,0,0,1159,41.7
Togo,3.1,2.5,6.1,0.4,33,34,91,2.1,9.2,344,1.2,50.5,94,56,62,15,0,45,47,0.2,70,47,2.9,1.6,1.4,4.2,53,1.4,9,51,9,8.6,0.43,8.6,2.4,6,7.8,17,64,5988,0,0,0,61.4,10.3
Zimbabwe,2.5,0.6,36.1,0.9,23,36,998,4.7,26.7,363,-1.9,64.2,92,77,132,11,0,23,44,0.62,80,28,3.4,2.1,2.8,5.1,72,2.8,14,11,29,20.8,0.58,16,6.2,12.9,13.8,42,66,12936,0,0,0,186.5,14.4
Madagascar,2.9,2.5,15.1,0.1,17,32,50,4.4,15.5,241,-1.1,78.9,100,92,24,14,0,28,48,0.89,59,22,1,2.1,1.7,1,76,1.7,0,0,14,8.4,0.7,6.9,7.9,18.1,23.8,74,71,18113,0,0,0,1235.8,68.2
Cameroon,2.6,1.6,5.5,0.2,20,26,226,14.4,34.9,897,0.5,51.8,93,64,64,11,0,17,26,0.63,64,5,3.4,1.4,1.2,3,95,1.2,52,9,23,8.9,0.49,8.9,7.6,16,19,91,76,16038,0,0,0,761.5,47.5
Swaziland,2.3,-0.4,9.2,0.9,75,84,697,2.4,6.3,2140,2.1,31.5,83,43,324,9,0,87,92,1.08,70,76,2.9,2.1,3.3,2.5,23,3.3,1,0,100,16.8,0.29,10.8,0.5,1,1,38,42,1034,0,0,0,116.5,112.7
Yemen,3.7,3.1,20.8,0.9,14,25,212,12.8,17.9,631,1.7,29.4,107,39,89,32,0,20,34,0.38,76,3,1.1,6.3,2.2,3.3,97,2.2,82,1,67,0.7,0.3,0.3,7,20.3,28.5,40,82,20329,0,0,0,251.9,12.4
Kenya,3.1,2.5,12,0.3,26,26,154,16.1,38.1,481,-0.6,69.3,93,78,65,11,0,31,32,0.61,73,21,0.3,1.6,1.7,2.6,79,1.7,251,5,24,7.3,0.83,7.3,13.5,33.5,44.2,46,80,33467,0,0,0,635.1,19
Gambia,3.4,2.2,4.8,0.2,60,42,101,0.4,2.9,281,0.2,59.3,95,69,96,17,0,72,52,0.26,90,27,14.5,0.4,3.2,4.9,73,3.2,7,2,1,13.2,0.53,13.2,0.6,1.5,1.9,66,75,1478,0,0,0,62.8,42.5
Senegal,2.7,2.2,3.9,0.4,25,28,192,7.8,19.5,683,0.9,56.5,92,68,58,18,0,30,40,0.81,57,39,0.9,1.4,2.1,3,61,2.1,21,9,14,19.2,0.53,19.2,5.3,11.4,14.5,52,70,11386,0,0,0,1051.5,92.4
Rwanda,2.4,2.2,11.7,0.1,6,10,39,1.8,11.2,208,-0.1,80.4,94,95,32,9,0,14,27,0.62,84,10,0.4,2.2,1.6,2.1,90,1.6,45,100,51,45.3,0.74,48.8,4.4,8.9,11.3,29,67,8882,0,0,0,467.5,52.6
Nigeria,2.7,2,24.5,0.4,43,55,162,72.1,148.6,560,0.8,45.6,95,54,51,14,0,29,37,0.55,35,2,2.6,1,1.3,3.7,98,1.3,9,22,79,5.8,0.41,6.4,58.9,128.7,160.9,21,59,128709,0,0,0,573.4,4.5
Guinea,2.7,2.3,20.3,0.1,31,21,89,3.9,20.1,421,1,79.4,100,90,95,12,0,31,23,0.19,73,25,2.6,2.1,0.9,4.5,75,0.9,64,6,10,19.3,0.68,19.3,4.2,9.2,11.9,52,75,9202,0,0,0,279.3,30.3
Angola,2.8,2.7,446.2,0.6,39,71,178,19.5,33.8,1258,-1.2,73.8,100,81,49,12,0,21,55,0.7,64,34,7.4,4.2,2.4,0.4,66,2.4,14,216,108,15,0.62,15,6.8,15.5,20.9,94,68,15490,0,0,0,1144.1,73.9
"Tanzania, U. Rep. of",2.9,1.7,14.9,0.1,13,19,78,10.9,25.4,288,1.1,86,97,95,29,13,0,37,29,0.41,94,20,2.3,1.1,2.4,1.9,80,2.4,549,2,27,30.4,0.73,30.4,16,37.6,45.6,47,81,37627,0,0,0,1746,46.4
Benin,3.2,2.9,6,0.3,14,15,82,4.1,8.9,498,1.4,54,93,63,36,16,0,26,26,0.25,85,9,1.5,2.1,1.9,2.5,91,1.9,30,0,5,7.2,0.48,7.2,3.2,8.2,11.2,82,81,8177,0,0,0,378,46.2
Cote d'Ivoire,3.4,1.7,5.6,0.3,32,48,209,15.5,27.7,866,-1.1,39,90,44,57,17,0,27,38,0.36,49,20,1.1,2.1,1,2.6,78,1,42,18,17,8.5,0.32,8.5,6.6,17.9,21.6,38,72,17872,0,0,0,153.6,8.6
Zambia,2.8,1.7,42.4,0.2,36,20,631,5.4,10.8,471,-1.1,66.1,100,73,51,12,0,37,27,0.47,84,10,6.2,2.1,2.8,2.6,90,2.8,156,0,15,12.7,0.55,12.7,5.2,11.5,13.8,54,75,11479,0,0,0,1081,94.2
Malawi,3,2.2,29.7,0.1,24,27,77,1.9,8.1,149,0.9,85.2,100,95,46,16,0,33,49,0.6,80,16,0.9,2.1,3.3,6,84,3.3,4,0,5,13.6,0.73,13.6,5.2,12.6,16,40,73,12608,0,0,0,476.1,37.8
Mozambique,2.1,1.7,23.4,0.1,8,30,399,6.1,24,313,4.2,84.7,96,102,45,14,0,36,38,0.44,77,3,4,1.3,2.9,1.8,96,2.9,2,0,11,34.8,0.81,34.8,10.6,19.4,23.5,46,76,19424,0,0,0,1228.4,63.2
Burundi,2.4,3.4,13.9,1.2,8,9,23,0.7,4.9,90,-2.5,91.8,101,99,15,16,0,28,25,0.38,75,5,0.5,6.3,0.7,2.4,95,0.7,21,439,51,31.7,0.78,30.5,3.7,7.3,10.6,29,79,7282,0,0,0,350.7,48.2
Ethiopia,2.7,2.3,4,0.1,8,19,33,8,52.9,114,1.5,70.9,98,79,20,15,0,12,40,0.35,71,11,6.8,2.1,3.4,2.5,89,3.4,101,65,183,21.4,0.6,21.9,34.1,75.6,97.2,36,70,75600,0,0,0,1823.1,24.1
Chad,2.8,2.8,5.6,1.2,13,52,11,4.2,19.7,447,2.1,65.5,102,84,51,17,0,28,36,0.14,56,34,11.3,1,2.6,3.9,66,2.6,275,48,30,6.5,0.65,6.5,4.2,9.4,12.8,16,78,9448,0,0,0,318.9,33.8
Central African Republic,2.3,1.4,4.1,0.1,15,11,35,1.3,4.4,328,-0.6,70.4,99,79,47,14,0,28,16,0.19,35,37,-1,1.2,1.5,2.5,63,1.5,25,43,3,10.5,0.61,10.5,2.1,4,4.6,4,59,3986,0,0,0,104.5,26.2
Burkina Faso,2.6,2.9,4.3,0.1,11,9,32,4.8,15,376,1.3,77.6,101,87,68,19,0,24,23,0.31,78,8,0.7,1.3,2.6,3,92,2.6,1,1,11,11.7,0.66,11.7,5.9,12.8,17.7,18,66,12822,0,0,0,610,47.6
Mali,2.6,2.9,4,1.2,17,28,38,4.9,13.1,371,2.5,72.4,100,85,39,23,0,34,36,0.46,75,34,3.7,1.9,2.8,2,66,2.8,11,1,7,10.2,0.67,10.2,6.2,13.1,18.1,19,65,13124,0,0,0,567.4,43.2
Sierra Leone,2.1,2.3,20.9,0.1,22,23,49,1.1,3,202,-5.5,56,105,60,34,23,0,24,39,0.39,64,7,2.4,1.2,2,1.5,66,2,60,40,13,14.5,0.45,14.5,2.9,5.3,6.9,36,83,5336,0,0,0,359.7,67.4
Niger,3.2,3.2,4.6,0.1,15,16,40,3.1,10.5,228,-0.7,71.2,101,75,30,17,0,22,26,0.36,74,8,0,1.1,2.5,2.2,91,2.5,0,1,5,12.4,0.57,12.4,5.3,13.5,19.3,46,70,13499,0,0,0,536.1,39.7
